site,reply,by
http://acrofan.com,,
http://agrinet.co.kr,,
http://anc.masilwide.com,,
http://ange.co.kr,,
http://arirangtv.com,,
http://artdaily.co.kr,,
http://artsnews.mk.co.kr/,,
http://bazaar.ikissyou.com,,
http://berlinreport.com,,
http://biz.heraldcorp.com/,,
http://bizntax.com/index.php,,
http://bosa.co.kr,,
http://bupyeongnews.com,,
http://busan.findall.co.kr,,
http://busanilbo.com,,
http://businesskorea.co.kr,,
http://buyersguide.co.kr/,,
http://campustimes.segye.com/,,
http://ch.interest.me/zhtv,,
http://chomdan.co.kr,,
http://chosunnewspress.chosun.com/client/info/wellbeing.asp,,
http://dailyan.com,,
http://dbstv.co.kr,,
http://design.co.kr,,
http://dgn.kr/#,,
http://dhns.co.kr,,
http://econodaily.com/,,
http://economy.hankooki.com,,
http://economyplus.chosun.com/,,
http://esquire.ikissyou.com,,
http://gameabout.com,,
http://gangnamnews.net,,
http://gasnews.com,,
http://gbsafe.com,,
http://gdaily.kr,,
http://gjdream.com,,
http://goldenears.net,,
http://golf.co.kr,,
http://golfguide.co.kr,,
http://h21.hani.co.kr,,
http://hankyung.com,,
http://happy.designhouse.co.kr/,,
http://hascook.co.kr,,
http://hg-times.com,,
http://hidomin.com,,
http://hkbstv.kr,,
http://hrdnews.kr,,
http://http://www.nutrition2.asia/com/com-1.html,,
http://https://www.dseri.net/,,
http://hyundaenews.com/,,
http://hyundaiilbo.com/,,
http://ibtimes.co.kr,,
http://iculturenews.com,,
http://ietn.co.kr,,
http://ihaesa.com,,
http://ilyoseoul.co.kr,,
http://iscmnews.com,,
http://isplus.joins.com/,,
http://japanese.chosun.com,,
http://jmagazine.joins.com/economist,,
http://joinsland.com,,
http://joongang.joins.com/,,
http://joongangdaily.joins.com,,
http://kacpta.or.kr/webzine/,,
http://kid.chosun.com,,
http://kids.donga.com,,
http://kids.dongascience.com,,
http://kids.hankooki.com,,
http://klw.or.kr,,
http://knsisa.urinews.co.kr/,,
http://kookjeilbo.com,,
http://koreaherald.com.au,,
http://koreaissue.kr,,
http://kr.aving.net/,,
http://kr.sputniknews.com/,,
http://kstar.ihq.co.kr/,,
http://kukjung.com,,
http://kukjung21.co.kr,,
http://lady.khan.co.kr,,
http://lara.kr,,
http://m-talk.inews24.com,,
http://mdesign.designhouse.co.kr/,,
http://media.daum.net,,
http://media.nodong.org/,,
http://medipana.com,,
http://menshealth.designhouse.co.kr/,,
http://messenews.kr,,
http://military.co.kr,,
http://mnbmagazine.joins.com/magazine/articlenevent.asp?magazine=204,,
http://month.foodbank.co.kr/,,
http://monthly.chosun.com,,
http://monthly.joins.com,,
http://monthlyart.com/,,
http://motortrend.ikissyou.com,,
http://mphotonet.com/home/,,
http://mywedding.designhouse.co.kr/,,
http://networker.jinbo.net/,,
http://news.eduhope.net,,
http://news.ihanam.net,,
http://news.jinbo.net,,
http://news.naver.com,,
http://newshound7.blogspot.com,,
http://newsmaker.khan.co.kr,,
http://oncollection.wef.co.kr,,
http://ontoday.kr,,
http://people.samsung.com,,
http://sagunin.com/,,
http://sanlim.kr,,
http://sanlim.kr/,,
http://senmedia.kr,,
http://seoul.febc.net/,,
http://shindonga.donga.com,,
http://sisarang.co.kr,,
http://smenews.kbiz.or.kr/,,
http://star.mt.co.kr/,,
http://stardailynews.co.kr,,
http://startupnews.co.kr,,
http://stoo.asiae.co.kr/,,
http://stoo.asiae.co.kr/,,
http://thebilliards.kr,,
http://thedailynews.mygoodnews.com/,,
http://themetn.com,,
http://topclass.chosun.com,,
http://toptvkorea.com,,
http://tour.egreennews.com/,,
http://tv.chosun.com/,,
http://ujnews.net,,
http://us.breaknews.com,,
http://waterjournal.co.kr,,
http://weekly.donga.com,,
http://wef.kr,,
http://women.donga.com,,
http://woodnews.kr,,
http://worknworld.kctu.org/,,
http://www.1318virus.net,,
http://www.1gan.co.kr,,
http://www.ablenews.co.kr,,
http://www.abouthr.co.kr,,
http://www.aflnews.co.kr,,
http://www.afp.com,,
http://www.afp.com,,
http://WWW.AGRINET.CO.KR,,
http://www.akn.co.kr,,
http://www.amnews.co.kr,,
http://www.ap.org,,
http://www.ap.org,,
http://www.apparelnews.co.kr,,
http://www.aptlifenews.net,,
http://www.artinculture.kr/,,
http://www.artinfo.kr,,
http://www.artjournal.kr/,,
http://www.asiaeconomy.co.kr,,
http://www.asiailbo.co.kr,,
http://www.asiatoday.co.kr,,
http://www.atnews.co.kr,,
http://www.atweekly.com,,
http://www.autoelectronics.co.kr,,
http://www.autotimes.co.kr,,
http://www.aviation.co.kr/,,
http://www.bbsfm.co.kr,,
http://www.bcpark.net,,
http://www.beautylife.co.kr,,
http://www.beautynury.com,,
http://www.beopbo.com,,
http://www.betanews.net,,
http://www.biznmedia.com,,
http://www.bloomberg.com,,
http://www.bloomberg.com,,
http://www.bloter.net,,
http://www.boannews.com,,
http://www.bokjinews.com,,
http://www.bokjinews.com,,
http://www.bokjitimes.com,,
http://www.bokuennews.com,,
http://www.boonyang24.com/,,
http://www.bpnews.kr/,,
http://www.brainmedia.co.kr,,
http://www.breaknews.com,,
http://www.bseconomy.com,,
http://www.bseconomy.com/,,
http://www.buddhistnews.net,,
http://www.bulkwang.org,,
http://www.bundangnews.co.kr,,
http://www.busanmbc.co.kr,,
http://www.buyking.com,,
http://www.buyking.com,,
http://www.campuslife.co.kr,,
http://www.careernews.co.kr,,
http://www.cargonews.co.kr,,
http://www.carlife.net,,
http://www.carlnc.com,,
http://www.cartech.co.kr,,
http://www.catholictimes.org,,
http://www.cbnews.kr,,
http://www.cbs.co.kr,,
http://www.cbs.co.kr/jjcbs/,,
http://www.ccdn.co.kr/,,
http://www.ccstv.co.kr,,
http://www.cctoday.co.kr,,
http://www.cdpnews.co.kr,,
http://www.cerazine.co.kr,,
http://www.cetizen.com,,
http://www.cgland.com,,
http://www.cgntv.net,,
http://www.chaebul.com,,
http://www.chinaeconomy.co.kr,,
http://www.chmbc.co.kr,,
http://www.chosun.com,,
http://www.chosun.com,,
http://www.chukjetv.com/,,
http://www.cinetizen.com/,,
http://www.cinpnews.kr/,,
http://www.cjb.co.kr,,
http://www.cmni.co.kr,,
http://www.cnbnews.com,,
http://www.cnbnews.com,,
http://www.cnews.co.kr,,
http://www.cnmcatv.com,,
http://www.cocofun.co.kr,,
http://www.comm.or.kr/,,
http://www.comworld.co.kr/,,
http://www.consumerpost.co.k,,
http://www.consumertimes.kr,,
http://www.contentsmedia.com,,
http://www.countryhome.co.kr,,
http://www.crart.co.kr,,
http://www.csmt.co.kr,,
http://www.csojournalist.com,,
http://www.ctnews.co.kr,,
http://www.cyfren.com,,
http://www.daara.co.kr,,
http://www.daehanilbo.co.kr,,
http://www.daehannews.kr/,,
http://www.daejeontoday.com,,
http://www.daejonilbo.com,,
http://www.dailian.co.kr,,
http://www.dailycc.net/,,
http://www.dailycosmetic.co.kr,,
http://www.dailyevent.co.kr/main,,
http://www.dailykorea.kr/,,
http://www.dailymedi.com,,
http://www.dailynk.com,,
http://www.dailypharm.com/,,
http://www.damunhwatimes.com,,
http://www.danawa.com,,
http://www.dangnyo.or.kr,,
http://www.datanet.co.kr,,
http://www.datanews.co.kr,,
http://www.dcnews.in,,
http://www.ddaily.co.kr,,
http://www.decojournal.co.kr,,
http://www.dentalarirang.com,,
http://www.dginews.co.kr,,
http://www.dhns.co.kr,,
http://www.dhns.kr,,
http://www.di-focus.com/,,
http://www.diamonds.co.kr,,
http://www.displaybank.com,,
http://www.displayplus.net,,
http://www.dkbnews.com,,
http://www.dnomade.com,,
http://www.doctorsnews.co.kr/,,
http://www.donga.com,,
http://www.donga.com,,
http://www.dongascience.com,,
http://www.dongascience.com,,
http://www.dongponews.net,,
http://www.dreamwiz.com,,
http://www.drnews.co.kr,,
http://www.dt.co.kr,,
http://www.dtnews24.com/,,
http://www.dynews.co.kr,,
http://www.e-healthnews.com,,
http://www.e-logisbiz.com,,
http://www.e-patentnews.com,,
http://www.ebaekje.co.kr/,,
http://www.ebn.co.kr,,
http://www.ebs.co.kr,,
http://www.ebuzz.co.kr,,
http://www.ecobs.co.kr,,
http://www.ecobs.co.kr,,
http://www.ecojournal.co.kr,,
http://www.ecomedia.co.kr,,
http://www.econews.co.kr,,
http://www.econoi.com/?r=news,,
http://www.economy21.co.kr,,
http://www.economytalk.kr,,
http://www.edaily.co.kr,,
http://www.edujournal.co.kr,,
http://www.edupre.co.kr,,
http://www.eetkorea.com,,
http://www.efnews.co.kr,,
http://www.egoodnews.kr/,,
http://www.ehnews.co.kr,,
http://www.ei.co.kr,,
http://www.ejanews.co.kr,,
http://www.ekn.kr/,,
http://www.elecreview.co.kr/,,
http://www.electimes.com,,
http://www.elle.co.kr,,
http://www.embeddedworld.co.kr,,
http://www.energy-news.co.kr,,
http://www.energycenter.co.kr,,
http://www.enfant.co.kr,,
http://www.enn.co.kr,,
http://www.envsports.co.kr/,,
http://www.epg.co.kr,,
http://www.epnc.co.kr,,
http://www.epochtimes.co.kr,,
http://www.esasangge.com,,
http://www.esasangge.com,,
http://www.esportsi.com,,
http://www.etnews.co.kr,,
http://www.etnews.co.kr,,
http://www.etravelnews.kr,,
http://www.euro-coree.net,,
http://www.eyepress.com,,
http://www.farmnews.co.kr,,
http://www.farmnews.co.kr,,
http://www.fashionbiz.co.kr,,
http://www.fcmedia.co.kr/,,
http://www.fenews.co.kr,,
http://www.festivaltimes.com,,
http://www.fighterforum.com,,
http://www.findall.co.kr,,
http://www.fins.co.kr,,
http://www.flexkorea.com/,,
http://www.fmebs.com,,
http://www.fmnews.co.kr,,
http://www.fmtv.co.kr,,
http://www.fnn.co.kr,,
http://www.fnn.co.kr,,
http://www.fnnews.com,,
http://www.fntimes.com,,
http://www.foodbank.co.kr,,
http://www.frontiertimes.co.kr,,
http://www.ftoday.co.kr,,
http://www.futurekorea.co.kr,,
http://www.g1tv.co.kr/,,
http://www.gaeksuk.com,,
http://www.garosu.com,,
http://www.gasnews.com,,
http://www.gearbax.com,,
http://www.gettyimages.com/,,
http://www.ggjil.com,,
http://www.ggtoday.com,,
http://www.gimpo.com,,
http://www.gkbs.co.kr,,
http://www.globaltv.co.kr,,
http://www.gmnews.co.kr/,,
http://www.gnetimes.co.kr/,,
http://www.gninews.com,,
http://www.gocj.net,,
http://www.gogsung.com,,
http://www.gooddailynews.co.kr,,
http://www.goodmorningseoul.com,,
http://www.gosiplan.com,,
http://www.gpkorea.com,,
http://www.gqkorea.co.kr,,
http://www.gurinet.org,,
http://www.gwangnam.co.kr,,
http://www.gyeongginews.com,,
http://www.gyotongn.com,,
http://www.hallailbo.co.kr,,
http://www.hanbatilbo.com,,
http://www.hangyo.com,,
http://www.hani.co.kr,,
http://www.hani.co.kr,,
http://www.hankooki.com,,
http://www.hankookilbo.com/,,
http://www.hankyung.com/etc/hkdc/index.html,,
http://www.hapt.co.kr,,
http://www.hellodd.com,,
http://www.hellodd.com/,,
http://www.hellot.net/,,
http://www.hellot.net/,,
http://www.heymannews.com,,
http://www.hgnet.co.kr,,
http://www.hkbs.co.kr,,
http://www.hkbs.co.kr,,
http://www.hktimes.kr,,
http://www.hnews.kr,,
http://www.honammaeil.co.kr,,
http://www.housingherald.co.kr/,,
http://www.humanmp.co.kr,,
http://www.i-daily.co.kr,,
http://www.i-today.co.kr,,
http://www.ibestbaby.co.kr/,,
http://www.ibnnews.net,,
http://www.ibuan.com,,
http://www.ichannela.com/,,
http://www.icmb.tv,,
http://www.ICNweb.co.kr,,
http://www.icross.co.kr,,
http://www.idaegu.co.kr,,
http://www.idaegu.com,,
http://www.idailynews.co.kr,,
http://www.idhn.co.kr,,
http://www.idomin.com/,,
http://www.igasnet.com,,
http://www.igtv.co.kr,,
http://www.iheadlinenews.co.kr/,,
http://www.ijejutoday.com,,
http://www.ikoreanews.com,,
http://www.ikozam.co.kr/,,
http://www.ikpma.org,,
http://www.ilovepc.co.kr,,
http://www.ilovepcbang.com,,
http://www.ilyo.co.kr,,
http://www.ilyosisa.co.kr,,
http://www.imaeil.com,,
http://www.imaso.co.kr,,
http://www.imbc.com,,
http://www.incheonnews.com,,
http://www.incruit.com,,
http://www.inews24.com,,
http://www.ingonews.kr,,
http://www.injournal.net,,
http://www.insideworld.co.kr,,
http://www.insijournal.com,,
http://www.insnews.co.kr,,
http://www.insura.net,,
http://www.insura.net,,
http://www.insura.net,,
http://www.insweek.co.kr,,
http://www.intn.co.kr,,
http://www.isamtoh.com,,
http://www.isamtoh.com,,
http://www.isportskorea.com/,,
http://www.issuetoday.com,,
http://www.itimes.co.kr,,
http://www.itnews.or.kr,,
http://www.itooza.com,,
http://www.itstv.net,,
http://www.ittn.co.kr,,
http://www.itv.co.kr,,
http://www.iucn.co.kr,,
http://www.iwet.co.kr,,
http://www.iwet.co.kr,,
http://www.iwood.in,,
http://www.jabo.co.kr,,
http://www.jamill.kr,,
http://www.jangup.com,,
http://www.jayuro.kr/,,
http://www.jbnews.com,,
http://www.jejunews.com,,
http://www.jejusori.net,,
http://www.jemin.com,,
http://www.jeonmae.co.kr,,
http://www.jhnews.co.kr/,,
http://www.jinbo.net,,
http://www.jjan.co.kr,,
http://www.jkn.co.kr,,
http://www.jndn.com,,
http://www.jngoodnews.co.kr,,
http://www.jnilbo.com,,
http://www.jnpnews.co.kr,,
http://www.joins.com,,
http://www.joongboo.com,,
http://www.joseilbo.com,,
http://www.journalist.or.kr,,
http://www.journalist.or.kr,,
http://www.joynews24.com,,
http://www.jtbc.co.kr/,,
http://www.jtnews.or.kr,,
http://www.jtv.co.kr,,
http://www.jungle.co.kr,,
http://www.jutek.kr,,
http://www.kabc.or.kr,,
http://www.kado.net,,
http://www.kappd.or.kr,,
http://www.kbench.com,,
http://www.kbmaeil.com,,
http://www.kbn-tv.co.kr,,
http://www.kbs.co.kr,,
http://www.kbshealth365.com,,
http://www.kbshealth365.com,,
http://www.kcc.go.kr/,,
http://www.kcsnews.co.kr,,
http://www.kcsnews.co.kr,,
http://www.kdinews.com,,
http://www.kdpress.co.kr,,
http://www.keconomy21.co.kr,,
http://www.kfdn.co.kr,,
http://www.kfem.or.kr,,
http://www.kgbnews.com,,
http://www.kgdm.co.kr/,,
http://www.kgib.co.kr,,
http://www.kgmaeil.net,,
http://www.kgnews.co.kr,,
http://www.khan.co.kr,,
http://www.khan.co.kr,,
http://www.khanews.com/,,
http://www.khgames.com,,
http://www.kids17.net,,
http://www.kihoilbo.co.kr,,
http://www.kimpo.com,,
http://www.kinds.or.kr,,
http://www.kitimes.com,,
http://www.kjbbs.co.kr,,
http://www.kjmbc.co.kr,,
http://www.kmib.co.kr,,
http://www.kmobile.co.kr,,
http://www.kmrnews.com,,
http://www.knn.co.kr/,,
http://www.knnews.co.kr,,
http://www.koenergy.co.kr,,
http://www.konas.net,,
http://www.kooaebo.com,,
http://www.korea-news.com/,,
http://www.korea.kr/,,
http://www.koreaarttv.com/,,
http://www.koreadaily.com,,
http://www.koreaeconomynews.com,,
http://www.koreafrontier.com,,
http://www.koreaherald.com,,
http://www.koreaheraldbiz.com,,
http://www.koreanlighting.com,,
http://www.koreanmedinews.com,,
http://www.koreanpress.co.kr,,
http://www.koreatimes.co.kr,,
http://www.koreatimes.com,,
http://www.korpin.com,,
http://www.koscaj.com/,,
http://www.kpf.or.kr,,
http://www.krj.co.kr,,
http://www.ksca.or.kr,,
http://www.ksdaily.com,,
http://www.ksg.co.kr,,
http://www.ksilbo.co.kr,,
http://www.ksngn.com,,
http://www.ktnews.com,,
http://www.ktsketch.com,,
http://www.kukinews.com,,
http://www.kukmintv.tv,,
http://www.kunkang.co.kr,,
http://www.kwangju.co.kr,,
http://www.kwnews.co.kr,,
http://www.kyeongin.com,,
http://www.kyongbuk.co.kr,,
http://www.kyosu.net,,
http://www.kypnews.com,,
http://www.kyungdoilbo.com,,
http://www.laborplus.co.kr,,
http://www.labortoday.co.kr,,
http://www.labortoday.co.kr,,
http://www.lawissue.co.kr,,
http://www.lawleader.co.kr,,
http://www.lawtimes.co.kr,,
http://www.lawtimes.co.kr,,
http://www.lawtv.tv,,
http://www.leaderpia.com/,,
http://www.lnews.kr/,,
http://www.manbulshinmun.com,,
http://www.maritimepress.com,,
http://www.masanmbc.co.kr,,
http://www.mbakery.co.kr,,
http://www.mbccj.co.kr,,
http://www.mbn.co.kr,,
http://www.mbn.co.kr,,
http://www.mdtoday.co.kr,,
http://www.mediadj.kr/,,
http://www.mediatoday.co.kr,,
http://www.medicalpost.co.kr,,
http://www.medifonews.com,,
http://www.medigatenews.com,,
http://www.medipharmnews.co.kr,,
http://www.memorialnews.net,,
http://www.metroseoul.co.kr,,
http://www.mfj.co.kr/,,
http://www.mhj21.com,,
http://www.mhjc.co.kr,,
http://www.mintv.kr,,
http://www.mjknews.com,,
http://www.mk.co.kr,,
http://www.mk.co.kr,,
http://www.mkeconomy.com/,,
http://www.mknews.co.kr,,
http://www.mntv.net,,
http://www.mokpotoday.com,,
http://www.monthlyphoto.com,,
http://www.morningnews.co.kr/,,
http://www.motioncontrol.co.kr,,
http://www.motorgraph.com,,
http://www.motormag.co.kr,,
http://www.mt.co.kr/,,
http://www.munhak.com,,
http://www.munhwa.co.kr,,
http://www.musiced.co.kr,,
http://www.mydaily.co.kr,,
http://www.naeil.com,,
http://www.naewaynews.com,,
http://www.naewoeilbo.com,,
http://www.namdonews.com/,,
http://www.nanumnews.com,,
http://www.nbnkorea.com,,
http://www.neonet.co.kr,,
http://www.newgbnews.com/,,
http://www.newmanagement.co.kr,,
http://www.news-korea.co.kr,,
http://www.news-m.co.kr,,
http://www.news.saemaul.or.kr,,
http://www.newsbriefing.or.kr,,
http://www.newsculture.tv,,
http://www.newsen.co.kr,,
http://www.newsgate.co.kr,,
http://www.newshankuk.com,,
http://www.newsinmul.com,,
http://www.newsis.com,,
http://www.newsis.com,,
http://www.newsjeju.net,,
http://www.newsk.com,,
http://www.newsline.so/,,
http://www.newsmission.com/,,
http://www.newsmp.com,,
http://www.newsnjoy.or.kr/,,
http://www.newsone.co.kr,,
http://www.newssc.co.kr,,
http://www.newssunday.co.kr,,
http://www.newstown.co.kr,,
http://www.newsw.co.kr,,
http://www.newsway.co.kr/,,
http://www.newswire.co.kr,,
http://www.newsworld.co.kr,,
http://www.newyorkilbo.com,,
http://www.nexteconomy.co.kr,,
http://www.ngo-news.co.kr,,
http://www.nietimes.com,,
http://www.nnnews.co.kr,,
http://www.nocutnews.co.kr,,
http://www.nodongilbo.com,,
http://www.nongmin.com,,
http://www.noteuser.com,,
http://www.nowntv.com/home/,,
http://www.nsinews.co.kr,,
http://www.nspna.com/,,
http://www.ntdtv.com,,
http://www.ntimes.co.kr,,
http://www.ntoday.net,,
http://www.nwtnews.co.kr/,,
http://www.obs.co.kr,,
http://www.ohmyearth.com,,
http://www.ohmynews.com,,
http://www.ohmytaxinews.com,,
http://www.okfashion.co.kr,,
http://www.oksigol.com,,
http://www.olednet.co.kr,,
http://www.ongate.com/,,
http://www.openzine.co.kr,,
http://www.pac.or.kr,,
http://www.packnet.co.kr,,
http://www.palnews.co.kr,,
http://www.paxmedia.co.kr,,
http://www.pbc.co.kr,,
http://www.pbcbs.co.kr,,
http://www.pcline.co.kr,,
http://www.pdjournal.com/m/,,
http://www.performance10.com,,
http://www.pharmstoday.com,,
http://www.photoart.co.kr,,
http://www.photomarketing.co.kr,,
http://www.pigpeople.net,,
http://www.pigtimes.co.kr,,
http://www.pipingjournal.com,,
http://www.plas-world.co.kr,,
http://www.pluszine.co.kr,,
http://www.pohangnews.co.kr,,
http://www.police112.com,,
http://www.polinews.co.kr,,
http://www.popco.net,,
http://www.popsci.co.kr,,
http://www.positive.co.kr,,
http://www.press24.co.kr,,
http://www.pressian.com,,
http://www.pusannews.co.kr,,
http://www.radar1.kr/,,
http://www.railnews.co.kr,,
http://www.rcnews.co.kr,,
http://www.readersnews.com,,
http://www.redian.org,,
http://www.restime.co.kr,,
http://www.reuters.com,,
http://www.rtv.or.kr,,
http://www.safenews.co.kr,,
http://www.safetv.co.kr,,
http://www.safetynews.co.kr,,
http://www.sageori.kr/,,
http://www.sangga114.co.kr,,
http://www.saramilbo.com/,,
http://www.sarangbang.com,,
http://www.sarangbang.or.kr,,
http://www.sateconomy.co.kr,,
http://www.sbiznews.com,,
http://www.sbs.co.kr,,
http://www.sbs.co.kr,,
http://www.sciencetimes.co.kr,,
http://www.scout.co.kr,,
http://www.sdaily.co.kr,,
http://www.security114.com,,
http://www.segye.com,,
http://www.segye.com,,
http://www.seoul.co.kr,,
http://www.seoulfn.com,,
http://www.seoulnews.org,,
http://www.seoulpost.co.kr,,
http://www.seweek.com,,
http://www.sh-news.com,,
http://www.shanews.com/,,
http://www.shinailbo.co.kr/,,
http://www.shipnews.co.kr,,
http://www.signmunhwa.co.kr,,
http://www.signmunhwa.co.kr/,,
http://www.silver-tv.com,,
http://www.siminilbo.co.kr,,
http://www.siminsori.com,,
http://www.sisa-news.com,,
http://www.sisafocus.co.kr,,
http://www.sisagolf.com,,
http://www.sisahankook.com,,
http://www.sisamail.com,,
http://www.sisamundan.co.kr,,
http://www.sisapress.com,,
http://www.sisaseoul.com,,
http://www.sisatime.co.kr,,
http://www.sisatime.co.kr,,
http://www.sisunnews.co.kr,,
http://www.sjbnews.com,,
http://www.sjnews.co.kr,,
http://www.sjsori.com,,
http://www.skaeh.com,,
http://www.skylife.co.kr,,
http://www.skyventure.co.kr,,
http://www.sltoday.co.kr,,
http://www.smedaily.co.kr,,
http://www.snakorea.com,,
http://www.snmnews.com/,,
http://www.sportschosun.com,,
http://www.sportsseoul.com,,
http://www.sportsseoul.com,,
http://www.sultoday.co.kr,,
http://www.susa.co.kr,,
http://www.taxtimes.co.kr,,
http://www.tbc.co.kr,,
http://www.tbs.seoul.kr,,
http://www.technoa.co.kr,,
http://www.tgmbc.co.kr,,
http://www.thebucheon.com,,
http://www.thedailynews.co.kr,,
http://www.thegames.co.kr,,
http://www.theliving.co.kr/,,
http://www.thinkfood.co.kr,,
http://www.thisisgame.com,,
http://www.thisisgame.com,,
http://www.tinman.co.kr,,
http://www.tjb.co.kr,,
http://www.tjmbc.co.kr,,
http://www.tongbulgyo.com/,,
http://www.tongilnews.com,,
http://www.topstarnews.net,,
http://www.travelinfo.co.kr,,
http://www.traveltimes.co.kr,,
http://www.tvj.co.kr,,
http://www.tvreport.co.kr,,
http://www.tynp.com,,
http://www.u1media.com,,
http://www.ujmadang.com,,
http://www.uljinilbo.com,,
http://www.uljinilbo.com/,,
http://www.ulsanfocus.com,,
http://www.ulsanfocus.com,,
http://www.unityinfo.co.kr,,
http://www.unn.net,,
http://www.upkorea.net,,
http://www.usmbc.co.kr,,
http://www.ustnews.com/,,
http://www.uujj.co.kr,,
http://www.uujj.co.kr,,
http://www.vanchosun.com,,
http://www.videoplus.co.kr,,
http://www.viewsnnews.com,,
http://www.viewsnnews.com,,
http://www.visualdive.co.kr,,
http://www.vjtv.co.kr,,
http://www.vmspace.com,,
http://www.vogue.co.kr,,
http://www.vop.co.kr/,,
http://www.vop.co.kr/,,
http://www.wa-bu.net,,
http://www.weeklyhk.com,,
http://www.weeklyseoul.net,,
http://www.wef.co.kr/,,
http://www.welfare.net/,,
http://www.wgolf.co.kr,,
http://www.wibroesports.com,,
http://www.withleisure.co.kr,,
http://www.wjthinkbig.com/,,
http://www.wnn.co.kr,,
http://www.wolyo.co.kr,,
http://www.womannews.net,,
http://www.womennews.co.kr,,
http://www.wonyesanup.co.kr/,,
http://www.wooriilbo.com,,
http://www.wooriilbomedia.com,,
http://www.workereyes.com,,
http://www.wownet.co.kr,,
http://www.xinhuanet.com,,
http://www.xinhuanet.com,,
http://www.yachtpia.com,,
http://www.ybcnews.co.kr,,
http://www.yc24.kr,,
http://www.ydcbs.co.kr,,
http://www.yeojufocus.co.kr,,
http://www.yeongnam.com,,
http://www.yeosunews.net/,,
http://www.yeowooji.com,,
http://www.yicai.com,,
http://www.yntoday.co.kr,,
http://www.yonhapnews.co.kr,,
http://www.yonhaptv.co.kr,,
http://www.ytn.co.kr,,
http://www.yyinews.co.kr/,,
http://www.zdnet.co.kr,,
http://www.중앙경제신문.com,,
http://xportsnews.com,,
http://ybctv.net,,
http://ytimes.kr,,
http://칭찬합시다뉴스.kr,,
